wo cao si ni de ma,wcsndm
ai ni zen me si le,anzmsl
ji bai,jibai
xiong di ni dong a,xdnda
jin tian lai dian da jia xiang kan de dong xi,jtlaidian
shuo de dao li,sddl
da jia hao a,djha
da ye de zou wei wo jiu jue de ni ma bi li pu,dydzwwjjdnmblp
za hui shi a,zhsa
zhi yao yong gan qi lai jiu xing le,zyygqljxl
dui you ne dui you ne jiu yi xia a,dyndynjyxa
jiu cai he zi,jchz
zhu bi ba zhe zen me zhe me cai a,zbbzzmzmca
wei shen me ya,wsmy
yi de ge na mi,ydgnm
yi de ge la mi,ydgnm
a hei lu xi,ahlx
ai ya mi nuo,aymn
ei ya mi nuo,aymn
ou xi gei,oxg
wo xi huan ni,wxhn
ni xi huan wo,nxhw